INSERT INTO NODES (name, key) VALUES ('fakenode1', 'fakekey');
INSERT INTO NODES (name, key) VALUES ('fakenode2', 'fakekey');
INSERT INTO NODES (name, key) VALUES ('fakenode3', 'fakekey');
INSERT INTO NODES (name, key) VALUES ('fakenode4', 'fakekey');

INSERT INTO TESTS (name) VALUES ('faketest1');
INSERT INTO TESTS (name) VALUES ('faketest2');
INSERT INTO TESTS (name) VALUES ('faketest3');
INSERT INTO TESTS (name) VALUES ('faketest4');

-- randomly generated via:
-- intervals=('seconds' 'minutes' 'hours' 'days'); maxunits=(60 60 24 14); for n in 1 2 3 4; do node=fakenode${n}; for t in 1 2 3 4; do test=faketest${t}; for tn in 1 2 3 4; do let i=RANDOM*4/32767; let r=RANDOM*5/32767; let u=RANDOM*${maxunits[$i]}/32767; echo "INSERT INTO results (node, test, status, recorded) VALUES ('$node', '$test', $r, datetime('now', '-$u ${intervals[$i]}'));"; done; done; done
INSERT INTO results (node, test, status, recorded) VALUES ('fakenode1', 'faketest1', 4, datetime('now', '-11 days'));
 INSERT INTO results (node, test, status, recorded, message) VALUES ('fakenode1', 'faketest1', 0, datetime('now', '-40 minutes'), 'recent');
INSERT INTO results (node, test, status, recorded) VALUES ('fakenode1', 'faketest1', 2, datetime('now', '-1 days'));
INSERT INTO results (node, test, status, recorded) VALUES ('fakenode1', 'faketest1', 4, datetime('now', '-5 days'));
INSERT INTO results (node, test, status, recorded) VALUES ('fakenode1', 'faketest2', 0, datetime('now', '-16 hours'));
INSERT INTO results (node, test, status, recorded) VALUES ('fakenode1', 'faketest2', 3, datetime('now', '-5 days'));
 INSERT INTO results (node, test, status, recorded, message) VALUES ('fakenode1', 'faketest2', 1, datetime('now', '-9 hours'), 'recent');
INSERT INTO results (node, test, status, recorded) VALUES ('fakenode1', 'faketest2', 0, datetime('now', '-23 hours'));
INSERT INTO results (node, test, status, recorded) VALUES ('fakenode1', 'faketest3', 0, datetime('now', '-12 days'));
INSERT INTO results (node, test, status, recorded) VALUES ('fakenode1', 'faketest3', 1, datetime('now', '-1 days'));
INSERT INTO results (node, test, status, recorded) VALUES ('fakenode1', 'faketest3', 0, datetime('now', '-4 days'));
 INSERT INTO results (node, test, status, recorded, message) VALUES ('fakenode1', 'faketest3', 1, datetime('now', '-46 seconds'), 'recent');
INSERT INTO results (node, test, status, recorded) VALUES ('fakenode1', 'faketest4', 4, datetime('now', '-53 minutes'));
INSERT INTO results (node, test, status, recorded) VALUES ('fakenode1', 'faketest4', 1, datetime('now', '-10 days'));
 INSERT INTO results (node, test, status, recorded, message) VALUES ('fakenode1', 'faketest4', 2, datetime('now', '-11 minutes'), 'recent');
INSERT INTO results (node, test, status, recorded) VALUES ('fakenode1', 'faketest4', 4, datetime('now', '-20 hours'));
INSERT INTO results (node, test, status, recorded) VALUES ('fakenode2', 'faketest1', 2, datetime('now', '-1 minutes'));
INSERT INTO results (node, test, status, recorded) VALUES ('fakenode2', 'faketest1', 2, datetime('now', '-10 days'));
INSERT INTO results (node, test, status, recorded) VALUES ('fakenode2', 'faketest1', 4, datetime('now', '-7 days'));
 INSERT INTO results (node, test, status, recorded, message) VALUES ('fakenode2', 'faketest1', 4, datetime('now', '-38 seconds'), 'recent');
INSERT INTO results (node, test, status, recorded) VALUES ('fakenode2', 'faketest2', 0, datetime('now', '-44 minutes'));
 INSERT INTO results (node, test, status, recorded, message) VALUES ('fakenode2', 'faketest2', 3, datetime('now', '-10 seconds'), 'recent');
INSERT INTO results (node, test, status, recorded) VALUES ('fakenode2', 'faketest2', 3, datetime('now', '-13 minutes'));
INSERT INTO results (node, test, status, recorded) VALUES ('fakenode2', 'faketest2', 2, datetime('now', '-20 hours'));
INSERT INTO results (node, test, status, recorded) VALUES ('fakenode2', 'faketest3', 3, datetime('now', '-13 hours'));
 INSERT INTO results (node, test, status, recorded, message) VALUES ('fakenode2', 'faketest3', 4, datetime('now', '-1 hours'), 'recent');
INSERT INTO results (node, test, status, recorded) VALUES ('fakenode2', 'faketest3', 2, datetime('now', '-2 hours'));
INSERT INTO results (node, test, status, recorded) VALUES ('fakenode2', 'faketest3', 1, datetime('now', '-9 days'));
 INSERT INTO results (node, test, status, recorded, message) VALUES ('fakenode2', 'faketest4', 0, datetime('now', '-15 seconds'), 'recent');
INSERT INTO results (node, test, status, recorded) VALUES ('fakenode2', 'faketest4', 2, datetime('now', '-23 hours'));
INSERT INTO results (node, test, status, recorded) VALUES ('fakenode2', 'faketest4', 0, datetime('now', '-12 minutes'));
INSERT INTO results (node, test, status, recorded) VALUES ('fakenode2', 'faketest4', 1, datetime('now', '-6 minutes'));
INSERT INTO results (node, test, status, recorded) VALUES ('fakenode3', 'faketest1', 0, datetime('now', '-9 days'));
INSERT INTO results (node, test, status, recorded) VALUES ('fakenode3', 'faketest1', 1, datetime('now', '-13 hours'));
INSERT INTO results (node, test, status, recorded) VALUES ('fakenode3', 'faketest1', 0, datetime('now', '-24 seconds'));
 INSERT INTO results (node, test, status, recorded, message) VALUES ('fakenode3', 'faketest1', 3, datetime('now', '-18 seconds'), 'recent');
 INSERT INTO results (node, test, status, recorded, message) VALUES ('fakenode3', 'faketest2', 4, datetime('now', '-47 seconds'), 'recent');
INSERT INTO results (node, test, status, recorded) VALUES ('fakenode3', 'faketest2', 0, datetime('now', '-42 minutes'));
INSERT INTO results (node, test, status, recorded) VALUES ('fakenode3', 'faketest2', 2, datetime('now', '-5 days'));
INSERT INTO results (node, test, status, recorded) VALUES ('fakenode3', 'faketest2', 4, datetime('now', '-17 hours'));
INSERT INTO results (node, test, status, recorded) VALUES ('fakenode3', 'faketest3', 3, datetime('now', '-4 days'));
 INSERT INTO results (node, test, status, recorded, message) VALUES ('fakenode3', 'faketest3', 0, datetime('now', '-8 seconds'), 'recent');
INSERT INTO results (node, test, status, recorded) VALUES ('fakenode3', 'faketest3', 2, datetime('now', '-8 hours'));
INSERT INTO results (node, test, status, recorded) VALUES ('fakenode3', 'faketest3', 3, datetime('now', '-10 seconds'));
 INSERT INTO results (node, test, status, recorded, message) VALUES ('fakenode3', 'faketest4', 3, datetime('now', '-1 seconds'), 'recent');
INSERT INTO results (node, test, status, recorded) VALUES ('fakenode3', 'faketest4', 1, datetime('now', '-1 hours'));
INSERT INTO results (node, test, status, recorded) VALUES ('fakenode3', 'faketest4', 3, datetime('now', '-8 days'));
INSERT INTO results (node, test, status, recorded) VALUES ('fakenode3', 'faketest4', 0, datetime('now', '-16 hours'));
INSERT INTO results (node, test, status, recorded) VALUES ('fakenode4', 'faketest1', 2, datetime('now', '-12 hours'));
INSERT INTO results (node, test, status, recorded) VALUES ('fakenode4', 'faketest1', 4, datetime('now', '-4 hours'));
 INSERT INTO results (node, test, status, recorded, message) VALUES ('fakenode4', 'faketest1', 3, datetime('now', '-25 seconds'), 'recent');
INSERT INTO results (node, test, status, recorded) VALUES ('fakenode4', 'faketest1', 4, datetime('now', '-19 hours'));
INSERT INTO results (node, test, status, recorded) VALUES ('fakenode4', 'faketest2', 0, datetime('now', '-37 minutes'));
 INSERT INTO results (node, test, status, recorded, message) VALUES ('fakenode4', 'faketest2', 1, datetime('now', '-44 seconds'), 'recent');
INSERT INTO results (node, test, status, recorded) VALUES ('fakenode4', 'faketest2', 4, datetime('now', '-10 days'));
INSERT INTO results (node, test, status, recorded) VALUES ('fakenode4', 'faketest2', 1, datetime('now', '-19 hours'));
INSERT INTO results (node, test, status, recorded) VALUES ('fakenode4', 'faketest3', 1, datetime('now', '-5 hours'));
INSERT INTO results (node, test, status, recorded) VALUES ('fakenode4', 'faketest3', 3, datetime('now', '-2 days'));
 INSERT INTO results (node, test, status, recorded, message) VALUES ('fakenode4', 'faketest3', 2, datetime('now', '-11 seconds'), 'recent');
INSERT INTO results (node, test, status, recorded) VALUES ('fakenode4', 'faketest3', 0, datetime('now', '-48 minutes'));
INSERT INTO results (node, test, status, recorded) VALUES ('fakenode4', 'faketest4', 1, datetime('now', '-2 hours'));
 INSERT INTO results (node, test, status, recorded, message) VALUES ('fakenode4', 'faketest4', 1, datetime('now', '-6 seconds'), 'recent');
INSERT INTO results (node, test, status, recorded) VALUES ('fakenode4', 'faketest4', 4, datetime('now', '-5 days'));
INSERT INTO results (node, test, status, recorded) VALUES ('fakenode4', 'faketest4', 4, datetime('now', '-45 minutes'));
